{"cameraMode":{"drawMode":0,"name":"Shaded","section":"Shading Mode"},"sceneLighting":false,"audioPlay":false,"sceneViewState":{"m_AlwaysRefresh":false,"showFog":true,"showSkybox":false,"showFlares":true,"showImageEffects":true,"showParticleSystems":true,"showVisualEffectGraphs":true,"m_FxEnabled":true},"in2DMode":false,"pivot":{"x":1.0063800811767579,"y":0.19206708669662476,"z":-0.2118992805480957},"rotation":{"x":-0.2561715841293335,"y":0.35529717803001406,"z":-0.10189662128686905,"w":-0.8931794166564941},"size":2.395132541656494,"orthographic":false}