{"cameraMode":{"drawMode":0,"name":"Shaded","section":"Shading Mode"},"sceneLighting":true,"audioPlay":false,"sceneViewState":{"m_AlwaysRefresh":false,"showFog":true,"showSkybox":true,"showFlares":true,"showImageEffects":true,"showParticleSystems":true,"showVisualEffectGraphs":true,"m_FxEnabled":true},"in2DMode":false,"pivot":{"x":0.039867401123046878,"y":1.2529082298278809,"z":14.288618087768555},"rotation":{"x":-0.3982389569282532,"y":0.29819613695144656,"z":-0.13867789506912232,"w":-0.8563123941421509},"size":17.520570755004884,"orthographic":false}